-- Marketing Task Tracker: Supabase schema + data migration
-- Generated 2026-07-16T11:46:47.299Z from the live SQLite database.
-- Paste this whole file into the Supabase SQL Editor and click Run.

create table members (
  id bigint generated by default as identity primary key,
  name text not null unique,
  role text not null default 'member'
);

create table projects (
  id bigint generated by default as identity primary key,
  name text not null,
  sort_order int not null default 0,
  created_at timestamptz not null default now()
);

create table tasks (
  id bigint generated by default as identity primary key,
  project_id bigint not null references projects(id) on delete cascade,
  title text not null,
  owners jsonb not null default '[]',
  assigned_by text,
  status text not null default 'Not yet started',
  reviewed boolean not null default false,
  assigned_date date,
  start_date date,
  end_date date,
  golive_date date,
  notes text,
  sort_order int not null default 0,
  created_at timestamptz not null default now()
);

create table comments (
  id bigint generated by default as identity primary key,
  task_id bigint not null references tasks(id) on delete cascade,
  author text not null,
  text text not null,
  created_at timestamptz not null default now()
);

create table notifications (
  id bigint generated by default as identity primary key,
  recipient text not null,
  actor text,
  task_id bigint references tasks(id) on delete cascade,
  type text not null,
  message text not null,
  is_read boolean not null default false,
  created_at timestamptz not null default now()
);

-- Row Level Security: only signed-in team members can touch anything.
alter table members enable row level security;
alter table projects enable row level security;
alter table tasks enable row level security;
alter table comments enable row level security;
alter table notifications enable row level security;

create policy "team full access" on members for all to authenticated using (true) with check (true);
create policy "team full access" on projects for all to authenticated using (true) with check (true);
create policy "team full access" on tasks for all to authenticated using (true) with check (true);
create policy "team full access" on comments for all to authenticated using (true) with check (true);
create policy "team full access" on notifications for all to authenticated using (true) with check (true);

insert into members (id, name, role) values (1, 'Jenson', 'member');
insert into members (id, name, role) values (2, 'Aswini', 'member');
insert into members (id, name, role) values (3, 'Nived', 'manager');
insert into members (id, name, role) values (4, 'Nirmal', 'member');
insert into members (id, name, role) values (5, 'Manoj', 'member');
insert into members (id, name, role) values (6, 'Samiksha', 'member');
insert into members (id, name, role) values (7, 'Namitha', 'member');
insert into members (id, name, role) values (8, 'Nizam', 'member');

insert into projects (id, name, sort_order, created_at) values (1, 'Adapt AI Launch', 0, '2026-07-16 10:05:51');
insert into projects (id, name, sort_order, created_at) values (2, 'Packaging Artwork readiness', 1, '2026-07-16 10:05:51');
insert into projects (id, name, sort_order, created_at) values (3, 'BAU Task (Business As Usual)', 2, '2026-07-16 10:05:51');
insert into projects (id, name, sort_order, created_at) values (4, 'Managelabels.com project', 3, '2026-07-16 10:05:51');
insert into projects (id, name, sort_order, created_at) values (5, 'Investor Campaign', 4, '2026-07-16 10:05:51');
insert into projects (id, name, sort_order, created_at) values (6, 'US Strategy', 5, '2026-07-16 10:05:51');
insert into projects (id, name, sort_order, created_at) values (7, 'Breakfast event', -1, '2026-07-16 10:37:42');

insert into tasks (id, project_id, title, owners, assigned_by, status, reviewed, assigned_date, start_date, end_date, golive_date, notes, sort_order, created_at) values (1, 1, 'Page Content', '["Aswini"]'::jsonb, NULL, 'In progress', false, NULL, '2026-07-14', '2026-07-16', '2026-07-16', NULL, 0, '2026-07-16 10:05:51');
insert into tasks (id, project_id, title, owners, assigned_by, status, reviewed, assigned_date, start_date, end_date, golive_date, notes, sort_order, created_at) values (2, 1, 'Campaign strategy', '["Nived"]'::jsonb, NULL, 'Not yet started', false, NULL, NULL, NULL, '2026-07-22', NULL, 1, '2026-07-16 10:05:51');
insert into tasks (id, project_id, title, owners, assigned_by, status, reviewed, assigned_date, start_date, end_date, golive_date, notes, sort_order, created_at) values (3, 1, 'LinkedIn Ad strategy', '["Nirmal"]'::jsonb, NULL, 'Not yet started', false, NULL, NULL, NULL, '2026-07-21', NULL, 2, '2026-07-16 10:05:51');
insert into tasks (id, project_id, title, owners, assigned_by, status, reviewed, assigned_date, start_date, end_date, golive_date, notes, sort_order, created_at) values (4, 1, 'Email Strategy', '["Nizam"]'::jsonb, NULL, 'Not yet started', false, NULL, NULL, NULL, '2026-07-20', NULL, 3, '2026-07-16 10:05:51');
insert into tasks (id, project_id, title, owners, assigned_by, status, reviewed, assigned_date, start_date, end_date, golive_date, notes, sort_order, created_at) values (5, 1, 'AdaptAI Artwork - Landing page', '["Manoj"]'::jsonb, NULL, 'In progress', false, NULL, NULL, NULL, '2026-07-17', NULL, 4, '2026-07-16 10:05:51');
insert into tasks (id, project_id, title, owners, assigned_by, status, reviewed, assigned_date, start_date, end_date, golive_date, notes, sort_order, created_at) values (6, 1, 'Video for the launch', '["Manoj"]'::jsonb, NULL, 'Not yet started', false, NULL, NULL, NULL, '2026-08-05', NULL, 5, '2026-07-16 10:05:51');
insert into tasks (id, project_id, title, owners, assigned_by, status, reviewed, assigned_date, start_date, end_date, golive_date, notes, sort_order, created_at) values (7, 1, 'Page Development', '["Jenson"]'::jsonb, NULL, 'In progress', false, NULL, NULL, NULL, '2026-07-17', NULL, 6, '2026-07-16 10:05:51');
insert into tasks (id, project_id, title, owners, assigned_by, status, reviewed, assigned_date, start_date, end_date, golive_date, notes, sort_order, created_at) values (8, 2, 'Page Content', '["Samiksha"]'::jsonb, 'Jenson', 'In progress', false, NULL, NULL, NULL, '2026-07-17', NULL, 0, '2026-07-16 10:05:51');
insert into tasks (id, project_id, title, owners, assigned_by, status, reviewed, assigned_date, start_date, end_date, golive_date, notes, sort_order, created_at) values (9, 2, 'Page Development', '["Jenson"]'::jsonb, NULL, 'Not yet started', false, NULL, NULL, NULL, '2026-07-17', NULL, 1, '2026-07-16 10:05:51');
insert into tasks (id, project_id, title, owners, assigned_by, status, reviewed, assigned_date, start_date, end_date, golive_date, notes, sort_order, created_at) values (10, 3, 'Page Creative designs', '["Namitha"]'::jsonb, NULL, 'In progress', false, NULL, NULL, NULL, '2026-07-16', NULL, 0, '2026-07-16 10:05:51');
insert into tasks (id, project_id, title, owners, assigned_by, status, reviewed, assigned_date, start_date, end_date, golive_date, notes, sort_order, created_at) values (11, 3, 'Technical SEO', '["Jenson"]'::jsonb, NULL, 'Not yet started', false, NULL, NULL, NULL, '2026-07-24', NULL, 1, '2026-07-16 10:05:51');
insert into tasks (id, project_id, title, owners, assigned_by, status, reviewed, assigned_date, start_date, end_date, golive_date, notes, sort_order, created_at) values (12, 3, 'Website Link Redirection', '["Jenson"]'::jsonb, NULL, 'In progress', false, NULL, NULL, NULL, '2026-07-16', NULL, 2, '2026-07-16 10:05:51');
insert into tasks (id, project_id, title, owners, assigned_by, status, reviewed, assigned_date, start_date, end_date, golive_date, notes, sort_order, created_at) values (13, 3, 'Help Center website French translation', '["Jenson"]'::jsonb, NULL, 'In progress', false, NULL, NULL, NULL, '2026-07-31', NULL, 3, '2026-07-16 10:05:51');
insert into tasks (id, project_id, title, owners, assigned_by, status, reviewed, assigned_date, start_date, end_date, golive_date, notes, sort_order, created_at) values (14, 3, 'LinkedIn Creatives', '["Namitha"]'::jsonb, NULL, 'In progress', false, NULL, NULL, NULL, NULL, NULL, 4, '2026-07-16 10:05:51');
insert into tasks (id, project_id, title, owners, assigned_by, status, reviewed, assigned_date, start_date, end_date, golive_date, notes, sort_order, created_at) values (15, 3, 'Playbook', '["Namitha"]'::jsonb, NULL, 'In progress', false, NULL, NULL, NULL, '2026-07-31', NULL, 5, '2026-07-16 10:05:51');
insert into tasks (id, project_id, title, owners, assigned_by, status, reviewed, assigned_date, start_date, end_date, golive_date, notes, sort_order, created_at) values (16, 3, 'LinkedIn Organic Copy & Caption', '["Samiksha"]'::jsonb, NULL, 'In progress', false, NULL, NULL, '2026-07-30', '2026-07-30', NULL, 6, '2026-07-16 10:05:51');
insert into tasks (id, project_id, title, owners, assigned_by, status, reviewed, assigned_date, start_date, end_date, golive_date, notes, sort_order, created_at) values (17, 3, 'Blogs', '["Samiksha","Aswini"]'::jsonb, NULL, 'Not yet started', false, NULL, NULL, NULL, NULL, NULL, 7, '2026-07-16 10:05:51');
insert into tasks (id, project_id, title, owners, assigned_by, status, reviewed, assigned_date, start_date, end_date, golive_date, notes, sort_order, created_at) values (18, 3, 'MA intro video for DS group', '["Manoj"]'::jsonb, NULL, 'Not yet started', false, NULL, NULL, NULL, NULL, NULL, 8, '2026-07-16 10:05:51');
insert into tasks (id, project_id, title, owners, assigned_by, status, reviewed, assigned_date, start_date, end_date, golive_date, notes, sort_order, created_at) values (19, 3, 'EU Artwork - CPG', '["Manoj"]'::jsonb, NULL, 'In progress', false, NULL, NULL, NULL, NULL, NULL, 9, '2026-07-16 10:05:51');
insert into tasks (id, project_id, title, owners, assigned_by, status, reviewed, assigned_date, start_date, end_date, golive_date, notes, sort_order, created_at) values (20, 3, 'Cold outreach & nurture Emails', '["Samiksha"]'::jsonb, 'Nived', 'In progress', false, NULL, NULL, NULL, NULL, 'Email Campaign', 10, '2026-07-16 10:05:51');
insert into tasks (id, project_id, title, owners, assigned_by, status, reviewed, assigned_date, start_date, end_date, golive_date, notes, sort_order, created_at) values (21, 3, 'Sales lead playbook', '["Nizam"]'::jsonb, NULL, 'Not yet started', false, NULL, NULL, NULL, '2026-07-27', NULL, 11, '2026-07-16 10:05:51');
insert into tasks (id, project_id, title, owners, assigned_by, status, reviewed, assigned_date, start_date, end_date, golive_date, notes, sort_order, created_at) values (22, 3, 'Sales PPT - CM visual change', '["Manoj"]'::jsonb, 'Aswini', 'Not yet started', false, '2026-07-15', NULL, NULL, '2026-07-20', NULL, 12, '2026-07-16 10:05:51');
insert into tasks (id, project_id, title, owners, assigned_by, status, reviewed, assigned_date, start_date, end_date, golive_date, notes, sort_order, created_at) values (23, 3, 'Sales decks', '["Samiksha","Aswini"]'::jsonb, NULL, 'Not yet started', false, NULL, NULL, NULL, NULL, NULL, 13, '2026-07-16 10:05:51');
insert into tasks (id, project_id, title, owners, assigned_by, status, reviewed, assigned_date, start_date, end_date, golive_date, notes, sort_order, created_at) values (24, 3, 'MAOne Sign Up and Tenant creation Process', '["Nizam"]'::jsonb, NULL, 'Not yet started', false, NULL, NULL, NULL, NULL, NULL, 14, '2026-07-16 10:05:51');
insert into tasks (id, project_id, title, owners, assigned_by, status, reviewed, assigned_date, start_date, end_date, golive_date, notes, sort_order, created_at) values (25, 3, 'Sales deck - GIFs to be slowed down', '["Manoj"]'::jsonb, 'Aswini', 'Not yet started', false, '2026-07-16', '2026-07-16', NULL, NULL, NULL, 15, '2026-07-16 10:05:51');
insert into tasks (id, project_id, title, owners, assigned_by, status, reviewed, assigned_date, start_date, end_date, golive_date, notes, sort_order, created_at) values (26, 3, 'Blog uploading', '["Jenson"]'::jsonb, 'Samiksha', 'In progress', false, '2026-07-15', NULL, NULL, '2026-07-16', NULL, 16, '2026-07-16 10:05:51');
insert into tasks (id, project_id, title, owners, assigned_by, status, reviewed, assigned_date, start_date, end_date, golive_date, notes, sort_order, created_at) values (27, 4, 'Label management Demo by Vilva', '["Samiksha"]'::jsonb, NULL, 'Not yet started', false, NULL, NULL, NULL, '2026-07-17', NULL, 0, '2026-07-16 10:05:51');
insert into tasks (id, project_id, title, owners, assigned_by, status, reviewed, assigned_date, start_date, end_date, golive_date, notes, sort_order, created_at) values (28, 4, 'Page Content', '["Aswini"]'::jsonb, NULL, 'In progress', false, '2026-07-15', '2026-07-20', '2026-07-24', '2026-07-24', NULL, 1, '2026-07-16 10:05:51');
insert into tasks (id, project_id, title, owners, assigned_by, status, reviewed, assigned_date, start_date, end_date, golive_date, notes, sort_order, created_at) values (29, 4, 'Creatives for the page', '["Namitha"]'::jsonb, NULL, 'Not yet started', false, NULL, NULL, NULL, '2026-07-29', NULL, 2, '2026-07-16 10:05:51');
insert into tasks (id, project_id, title, owners, assigned_by, status, reviewed, assigned_date, start_date, end_date, golive_date, notes, sort_order, created_at) values (30, 4, 'Videos for the page', '["Manoj"]'::jsonb, NULL, 'Not yet started', false, NULL, NULL, NULL, '2026-07-29', NULL, 3, '2026-07-16 10:05:51');
insert into tasks (id, project_id, title, owners, assigned_by, status, reviewed, assigned_date, start_date, end_date, golive_date, notes, sort_order, created_at) values (31, 4, 'Campaign content', '["Samiksha","Aswini"]'::jsonb, NULL, 'Not yet started', false, NULL, NULL, NULL, '2026-07-31', NULL, 4, '2026-07-16 10:05:51');
insert into tasks (id, project_id, title, owners, assigned_by, status, reviewed, assigned_date, start_date, end_date, golive_date, notes, sort_order, created_at) values (32, 4, 'Page Creation', '["Jenson"]'::jsonb, NULL, 'Not yet started', false, NULL, NULL, NULL, '2026-08-05', NULL, 5, '2026-07-16 10:05:51');
insert into tasks (id, project_id, title, owners, assigned_by, status, reviewed, assigned_date, start_date, end_date, golive_date, notes, sort_order, created_at) values (33, 5, 'Strategy discussion with Srivatsan Sir', '["Nived"]'::jsonb, NULL, 'Not yet started', false, NULL, NULL, NULL, '2026-07-22', NULL, 0, '2026-07-16 10:05:51');
insert into tasks (id, project_id, title, owners, assigned_by, status, reviewed, assigned_date, start_date, end_date, golive_date, notes, sort_order, created_at) values (34, 6, 'Campaign strategy', '["Nived"]'::jsonb, 'Nived', 'Not yet started', false, NULL, NULL, NULL, '2026-07-31', NULL, 0, '2026-07-16 10:05:51');
insert into tasks (id, project_id, title, owners, assigned_by, status, reviewed, assigned_date, start_date, end_date, golive_date, notes, sort_order, created_at) values (35, 7, 'Theme confirmation', '["Aswini"]'::jsonb, 'Aswini', 'In progress', false, '2026-07-10', '2026-07-12', '2026-07-15', '2026-07-15', NULL, 0, '2026-07-16 10:37:42');
insert into tasks (id, project_id, title, owners, assigned_by, status, reviewed, assigned_date, start_date, end_date, golive_date, notes, sort_order, created_at) values (36, 7, 'LinkedIn Ad strategy', '["Nirmal"]'::jsonb, 'Nived', 'In progress', false, '2026-07-10', NULL, NULL, '2026-07-15', NULL, 1, '2026-07-16 10:37:42');
insert into tasks (id, project_id, title, owners, assigned_by, status, reviewed, assigned_date, start_date, end_date, golive_date, notes, sort_order, created_at) values (37, 7, 'Email Strategy', '["Nizam"]'::jsonb, 'Nived', 'Completed', true, '2026-07-10', '2026-07-13', '2026-07-13', '2026-07-14', 'Done', 2, '2026-07-16 10:37:42');
insert into tasks (id, project_id, title, owners, assigned_by, status, reviewed, assigned_date, start_date, end_date, golive_date, notes, sort_order, created_at) values (38, 7, 'Event space confirmation', '["Nived"]'::jsonb, NULL, 'In progress', false, '2026-07-10', '2026-07-13', NULL, '2026-07-23', NULL, 3, '2026-07-16 10:37:42');
insert into tasks (id, project_id, title, owners, assigned_by, status, reviewed, assigned_date, start_date, end_date, golive_date, notes, sort_order, created_at) values (39, 7, 'Audio/video setup at venue', '["Nived"]'::jsonb, NULL, 'In progress', false, '2026-07-10', '2026-07-13', NULL, '2026-07-23', NULL, 4, '2026-07-16 10:37:42');
insert into tasks (id, project_id, title, owners, assigned_by, status, reviewed, assigned_date, start_date, end_date, golive_date, notes, sort_order, created_at) values (40, 7, 'LinkedIn Ads setup', '["Nirmal"]'::jsonb, NULL, 'Not yet started', false, '2026-07-10', NULL, NULL, '2026-07-24', NULL, 5, '2026-07-16 10:37:42');
insert into tasks (id, project_id, title, owners, assigned_by, status, reviewed, assigned_date, start_date, end_date, golive_date, notes, sort_order, created_at) values (41, 7, 'Content for email', '["Samiksha"]'::jsonb, NULL, 'Not yet started', false, '2026-07-10', NULL, NULL, '2026-07-24', NULL, 6, '2026-07-16 10:37:42');
insert into tasks (id, project_id, title, owners, assigned_by, status, reviewed, assigned_date, start_date, end_date, golive_date, notes, sort_order, created_at) values (42, 7, 'Videos for Organic LinkedIn', '["Manoj"]'::jsonb, NULL, 'Not yet started', false, '2026-07-10', NULL, NULL, '2026-07-27', NULL, 7, '2026-07-16 10:37:42');
insert into tasks (id, project_id, title, owners, assigned_by, status, reviewed, assigned_date, start_date, end_date, golive_date, notes, sort_order, created_at) values (43, 7, 'Goodies for Attendees', '["Manoj"]'::jsonb, NULL, 'In progress', false, '2026-07-10', '2026-07-13', NULL, '2026-08-12', NULL, 8, '2026-07-16 10:37:42');
insert into tasks (id, project_id, title, owners, assigned_by, status, reviewed, assigned_date, start_date, end_date, golive_date, notes, sort_order, created_at) values (44, 7, 'ID card for attendees', '["Manoj"]'::jsonb, NULL, 'Not yet started', false, '2026-07-10', NULL, NULL, '2026-08-12', NULL, 9, '2026-07-16 10:37:42');
insert into tasks (id, project_id, title, owners, assigned_by, status, reviewed, assigned_date, start_date, end_date, golive_date, notes, sort_order, created_at) values (45, 7, 'Mementos for speaker', '["Manoj"]'::jsonb, NULL, 'Not yet started', false, '2026-07-10', NULL, NULL, '2026-08-12', NULL, 10, '2026-07-16 10:37:42');
insert into tasks (id, project_id, title, owners, assigned_by, status, reviewed, assigned_date, start_date, end_date, golive_date, notes, sort_order, created_at) values (46, 7, 'Creatives for Ad', '["Namitha"]'::jsonb, 'Nirmal', 'Not yet started', false, NULL, NULL, NULL, '2026-07-23', NULL, 11, '2026-07-16 10:37:42');
insert into tasks (id, project_id, title, owners, assigned_by, status, reviewed, assigned_date, start_date, end_date, golive_date, notes, sort_order, created_at) values (47, 7, 'Page Content', '["Aswini"]'::jsonb, NULL, 'In progress', false, '2026-07-10', '2026-07-13', '2026-07-17', '2026-07-22', NULL, 12, '2026-07-16 10:37:42');
insert into tasks (id, project_id, title, owners, assigned_by, status, reviewed, assigned_date, start_date, end_date, golive_date, notes, sort_order, created_at) values (48, 7, 'Page Development', '["Jenson"]'::jsonb, NULL, 'Not yet started', false, NULL, NULL, NULL, '2026-07-23', NULL, 13, '2026-07-16 10:37:42');
insert into tasks (id, project_id, title, owners, assigned_by, status, reviewed, assigned_date, start_date, end_date, golive_date, notes, sort_order, created_at) values (49, 7, 'LinkedIn Organics', '["Samiksha"]'::jsonb, NULL, 'Not yet started', false, '2026-07-10', NULL, NULL, '2026-07-24', NULL, 14, '2026-07-16 10:37:42');



-- keep the id counters ahead of the imported rows
select setval(pg_get_serial_sequence('members','id'), coalesce((select max(id) from members), 1));
select setval(pg_get_serial_sequence('projects','id'), coalesce((select max(id) from projects), 1));
select setval(pg_get_serial_sequence('tasks','id'), coalesce((select max(id) from tasks), 1));
select setval(pg_get_serial_sequence('comments','id'), coalesce((select max(id) from comments), 1));
select setval(pg_get_serial_sequence('notifications','id'), coalesce((select max(id) from notifications), 1));
